[
  {
    "username": "basic@ba.ba",
    "passwordHash": "$2b$10$CMJNcAcxTgzda91d9bxwDeE31dHTw5xuPy.V5jOnjX8mf7Z79z3r6"
  },
  {
    "username": "baba@asd.asd",
    "passwordHash": "$2b$10$VGZLPIqc8YJ244KWvq.L3uVcc27XhGMqJWwLza.FDBY8c9Q2GJRZq"
  },
  {
    "username": "qweqwe@asd.asd",
    "passwordHash": "$2b$10$kOynsot0w89gYml91QpGfek4XCrCIiQdZbZ/Jep9c8Q2Gf5JMwWjm"
  },
  {
    "username": "qweqweasd@asd.asd",
    "passwordHash": "$2b$10$uYqBR3PFBoLrsXY6IUfuSO6.TVgJwXnbOvvhIWNIEQce6apQ3r7yO"
  }
]